Id,FirstName,LastName,Email
1,Sterne,Teaze,steaze0@nsw.gov.au
2,Shanda,LeEstut,sleestut1@linkedin.com
3,Shae,Dungate,sdungate2@t.co
4,Sheilakathryn,Skala,sskala3@bloglovin.com
5,Isa,Pybus,ipybus4@msn.com
6,Albrecht,Fyldes,afyldes5@xinhuanet.com
7,Chick,Greedier,cgreedier6@wikia.com
8,Alvin,Jahnig,ajahnig7@joomla.org
9,Hardy,Adrian,hadrian8@newsvine.com
10,Jami,Vannozzii,jvannozzii9@ftc.gov
11,Dominique,Giannazzi,dgiannazzia@ucoz.com
12,Katlin,Toomey,ktoomeyb@google.fr
13,Christel,O'Rourke,corourkec@youku.com
14,Fenelia,Noad,fnoadd@oaic.gov.au
15,Deane,Stanley,dstanleye@hexun.com
16,Corabelle,Tomsett,ctomsettf@soup.io
17,Elysia,Guppey,eguppeyg@phpbb.com
18,Adelle,Corbitt,acorbitth@jimdo.com
19,Gaultiero,Cruttenden,gcruttendeni@amazon.co.uk
20,Emmott,Walklett,ewalklettj@imgur.com
21,Bartel,McCullogh,bmcculloghk@jugem.jp
22,Sutherlan,Duggen,sduggenl@booking.com
23,Obidiah,Meneely,omeneelym@mlb.com
24,Cedric,Eannetta,ceannettan@arstechnica.com
25,Clarice,Snead,csneado@edublogs.org
26,Ephrayim,Iveagh,eiveaghp@is.gd
27,Marmaduke,Matushevitz,mmatushevitzq@ifeng.com
28,Giselbert,Dowda,gdowdar@pbs.org
29,Marshall,Brouard,mbrouards@123-reg.co.uk
30,Marybelle,Ridett,mridettt@geocities.com
31,Annamarie,Trevett,atrevettu@telegraph.co.uk
32,Gwenora,Gasgarth,ggasgarthv@go.com
33,Emmerich,Sawell,esawellw@examiner.com
34,Giulia,Killgus,gkillgusx@virginia.edu
35,Feodor,Vedntyev,fvedntyevy@trellian.com
36,Alister,Hughman,ahughmanz@storify.com
37,Caitrin,Hastwell,chastwell10@zimbio.com
38,Javier,Grover,jgrover11@va.gov
39,Jehanna,Balharrie,jbalharrie12@opensource.org
40,Whitman,Oxberry,woxberry13@facebook.com
41,Pippa,Roaf,proaf14@multiply.com
42,Hyman,Gethins,hgethins15@si.edu
43,Claire,Bonass,cbonass16@usnews.com
44,Adolphe,Mariotte,amariotte17@disqus.com
45,Melany,Scotsbrook,mscotsbrook18@telegraph.co.uk
46,Lissa,Lodewick,llodewick19@tripod.com
47,Chandler,Iveagh,civeagh1a@shinystat.com
48,Cobby,Tison,ctison1b@scientificamerican.com
49,Rolph,Folder,rfolder1c@census.gov
50,Artus,Anselm,aanselm1d@amazon.com
51,Linet,Bein,lbein1e@miibeian.gov.cn
52,Nerty,Garry,ngarry1f@tmall.com
53,Francine,Littlecote,flittlecote1g@nydailynews.com
54,Allys,Bramhall,abramhall1h@freewebs.com
55,Jon,Wedlock,jwedlock1i@dmoz.org
56,Josephine,Maldin,jmaldin1j@guardian.co.uk
57,Hart,Madden,hmadden1k@godaddy.com
58,Edyth,Smallpeice,esmallpeice1l@theglobeandmail.com
59,Tony,Troake,ttroake1m@bing.com
60,Kerstin,Worland,kworland1n@123-reg.co.uk
61,Goddard,Goburn,ggoburn1o@wired.com
62,Nelie,Goranov,ngoranov1p@list-manage.com
63,Chrissie,Witherden,cwitherden1q@creativecommons.org
64,Gregorio,Gorgler,ggorgler1r@biglobe.ne.jp
65,Pegeen,Pickworth,ppickworth1s@wikimedia.org
66,Virgie,Hopkins,vhopkins1t@domainmarket.com
67,Junia,Groucock,jgroucock1u@google.nl
68,Therese,Piolli,tpiolli1v@flavors.me
69,Fransisco,Childers,fchilders1w@posterous.com
70,Patton,Baldinotti,pbaldinotti1x@sina.com.cn
71,Dannye,Akerman,dakerman1y@dyndns.org
72,Wendell,Nagle,wnagle1z@tmall.com
73,Galvan,Gaunson,ggaunson20@github.com
74,Sancho,Robb,srobb21@wikia.com
75,Adelaida,Goves,agoves22@adobe.com
76,Dorothee,Middle,dmiddle23@mtv.com
77,Bob,Minigo,bminigo24@istockphoto.com
78,Elvina,Colvill,ecolvill25@google.de
79,Rebbecca,Tootell,rtootell26@columbia.edu
80,Elysee,Addlestone,eaddlestone27@biglobe.ne.jp
81,Chrystal,Brettel,cbrettel28@google.ca
82,Phaidra,Sailer,psailer29@discovery.com
83,Krishna,Barca,kbarca2a@google.nl
84,Rachelle,Gyse,rgyse2b@google.com.hk
85,Zack,Follows,zfollows2c@360.cn
86,Milli,Guyonnet,mguyonnet2d@constantcontact.com
87,Brandea,Gymblett,bgymblett2e@nydailynews.com
88,Hurley,Caldicot,hcaldicot2f@cbc.ca
89,Wandie,Creedland,wcreedland2g@over-blog.com
90,Helaina,Baudy,hbaudy2h@fc2.com
91,Gerrilee,Hopfner,ghopfner2i@ftc.gov
92,Cher,Foli,cfoli2j@ibm.com
93,Bevvy,Kubasek,bkubasek2k@washingtonpost.com
94,Harlan,Caulcott,hcaulcott2l@comcast.net
95,Joye,Dracey,jdracey2m@zdnet.com
96,Em,Dupree,edupree2n@admin.ch
97,Jori,Wederell,jwederell2o@imageshack.us
98,Sue,Sterricker,ssterricker2p@tamu.edu
99,Estella,Yurchishin,eyurchishin2q@merriam-webster.com
100,Bradford,Dickon,bdickon2r@cnn.com
101,Abbey,McLaughlin,amclaughlin2s@seattletimes.com
102,Richie,Pelerin,rpelerin2t@sphinn.com
103,Lyssa,Hewes,lhewes2u@yandex.ru
104,Melany,Birkby,mbirkby2v@twitpic.com
105,Leela,Mogridge,lmogridge2w@ftc.gov
106,Tedi,Morriss,tmorriss2x@un.org
107,Peggy,Greensitt,pgreensitt2y@people.com.cn
108,Ashli,Mariette,amariette2z@redcross.org
109,Adolpho,Jeacock,ajeacock30@is.gd
110,Ebenezer,Sinkinson,esinkinson31@rambler.ru
111,Granger,Du Pre,gdupre32@shop-pro.jp
112,Xaviera,Douglass,xdouglass33@icio.us
113,Greggory,Plaistowe,gplaistowe34@squidoo.com
114,Moise,Miguel,mmiguel35@princeton.edu
115,Tonye,Cleynaert,tcleynaert36@usda.gov
116,Pablo,Brookbank,pbrookbank37@hugedomains.com
117,Raven,Heynen,rheynen38@theglobeandmail.com
118,Tallou,Kadar,tkadar39@digg.com
119,Laurene,Greenhouse,lgreenhouse3a@google.ru
120,Giorgia,Cristofalo,gcristofalo3b@dyndns.org
121,Staford,Camel,scamel3c@drupal.org
122,Beulah,Rowcliffe,browcliffe3d@answers.com
123,Davie,Nosworthy,dnosworthy3e@earthlink.net
124,Zandra,Winpenny,zwinpenny3f@epa.gov
125,Vaughan,Trimme,vtrimme3g@cafepress.com
126,Cinderella,Inston,cinston3h@paginegialle.it
127,Townie,Rushbrook,trushbrook3i@usnews.com
128,Inesita,Azema,iazema3j@gizmodo.com
129,Marcille,Gooke,mgooke3k@ebay.co.uk
130,Valentine,Pettegre,vpettegre3l@google.com
131,Tarrah,Rilston,trilston3m@pinterest.com
132,Kevyn,Vondruska,kvondruska3n@infoseek.co.jp
133,Ivette,Fairholm,ifairholm3o@miibeian.gov.cn
134,Ethelind,Carette,ecarette3p@goo.ne.jp
135,Rori,Jerrold,rjerrold3q@independent.co.uk
136,Marlee,Cargenven,mcargenven3r@stumbleupon.com
137,Salomi,Chandler,schandler3s@google.pl
138,Ebony,Glasser,eglasser3t@baidu.com
139,Easter,Chessun,echessun3u@go.com
140,Cordula,Beetham,cbeetham3v@soundcloud.com
141,Josias,Lyst,jlyst3w@digg.com
142,Cecilla,Gilhouley,cgilhouley3x@ucoz.ru
143,Paige,Cushelly,pcushelly3y@narod.ru
144,Nichole,Daburn,ndaburn3z@google.it
145,Celestine,Gilsthorpe,cgilsthorpe40@booking.com
146,Nobe,Spalton,nspalton41@dailymotion.com
147,Nissie,Hiscoe,nhiscoe42@eepurl.com
148,Bonni,Lambarth,blambarth43@tinyurl.com
149,Beilul,Lapham,blapham44@vk.com
150,Francesca,Castiglioni,fcastiglioni45@biblegateway.com
151,Dacia,Endacott,dendacott46@google.co.uk
152,Dannie,Mellmer,dmellmer47@virginia.edu
153,Niles,Flaune,nflaune48@soundcloud.com
154,Arni,Calverd,acalverd49@gravatar.com
155,Ida,Alliband,ialliband4a@about.me
156,Beilul,Ashmole,bashmole4b@cloudflare.com
157,Charlie,Kalewe,ckalewe4c@rambler.ru
158,Hunt,Olech,holech4d@ocn.ne.jp
159,Donovan,Veschambes,dveschambes4e@bigcartel.com
160,Itch,Regardsoe,iregardsoe4f@ycombinator.com
161,Ashlie,Blanchette,ablanchette4g@hubpages.com
162,Ulysses,Stainer,ustainer4h@opensource.org
163,Diane-marie,Braban,dbraban4i@apple.com
164,Jeth,Neilson,jneilson4j@oracle.com
165,Xymenes,Hawtin,xhawtin4k@umn.edu
166,Redd,Burless,rburless4l@vkontakte.ru
167,Idalia,Doige,idoige4m@mysql.com
168,Theodosia,Benedicto,tbenedicto4n@printfriendly.com
169,Christean,Greest,cgreest4o@springer.com
170,Shurwood,Farleigh,sfarleigh4p@unblog.fr
171,Hyacinthe,Tinman,htinman4q@walmart.com
172,Dorey,Pinkerton,dpinkerton4r@4shared.com
173,Deerdre,Noddings,dnoddings4s@mtv.com
174,Courtnay,Marskell,cmarskell4t@51.la
175,Faythe,Bedrosian,fbedrosian4u@who.int
176,Vladamir,Methven,vmethven4v@parallels.com
177,Huntington,Inchcomb,hinchcomb4w@issuu.com
178,Mayer,Songust,msongust4x@prlog.org
179,Rosemary,Kimbly,rkimbly4y@netvibes.com
180,Morena,Kidwell,mkidwell4z@nydailynews.com
181,Sebastiano,Dugald,sdugald50@ning.com
182,Wendie,Leile,wleile51@taobao.com
183,Aurthur,Karppi,akarppi52@soup.io
184,Viole,Girod,vgirod53@usnews.com
185,Fredia,Willcocks,fwillcocks54@privacy.gov.au
186,Danila,Broomer,dbroomer55@dot.gov
187,Leonidas,Gerrels,lgerrels56@mapy.cz
188,Leif,Ruter,lruter57@parallels.com
189,Lambert,Castellet,lcastellet58@bbb.org
190,Vasily,Hatherley,vhatherley59@delicious.com
191,Christoffer,Healy,chealy5a@mapy.cz
192,Albrecht,Burgise,aburgise5b@disqus.com
193,Madelle,Paydon,mpaydon5c@altervista.org
194,Price,Isgar,pisgar5d@guardian.co.uk
195,Cynthie,Keel,ckeel5e@yahoo.com
196,Gavan,Garatty,ggaratty5f@phoca.cz
197,Georgeanne,Spriddle,gspriddle5g@photobucket.com
198,Putnem,McReidy,pmcreidy5h@jugem.jp
199,Bernice,Haddock,bhaddock5i@live.com
200,Wes,Dungate,wdungate5j@theatlantic.com
201,Raye,Howieson,rhowieson5k@storify.com
202,Gerald,Constable,gconstable5l@wikia.com
203,Fancie,Wasmuth,fwasmuth5m@elegantthemes.com
204,Becki,Cathery,bcathery5n@usa.gov
205,Vernen,Throughton,vthroughton5o@economist.com
206,Russ,Balam,rbalam5p@cargocollective.com
207,Elizabet,Niven,eniven5q@dell.com
208,Jenn,Sawkin,jsawkin5r@ezinearticles.com
209,Misha,Berkeley,mberkeley5s@twitpic.com
210,Valerie,Crambie,vcrambie5t@walmart.com
211,Ruby,Dodshun,rdodshun5u@gmpg.org
212,Bambie,Sprake,bsprake5v@wp.com
213,Ravid,Stanlick,rstanlick5w@howstuffworks.com
214,Donaugh,Rennicks,drennicks5x@psu.edu
215,Carlie,Ovey,covey5y@samsung.com
216,Karylin,Skipworth,kskipworth5z@disqus.com
217,Claudie,MacShane,cmacshane60@boston.com
218,Anderson,Amorine,aamorine61@google.com.au
219,Tatum,Sommer,tsommer62@mayoclinic.com
220,Sharyl,Cruikshanks,scruikshanks63@xinhuanet.com
221,Eveline,Grimwood,egrimwood64@dagondesign.com
222,Vally,Hoyle,vhoyle65@mysql.com
223,Stanly,Bowman,sbowman66@wufoo.com
224,Brodie,Phipp,bphipp67@goo.gl
225,Giuseppe,Hantusch,ghantusch68@aboutads.info
226,Shanon,Sandercroft,ssandercroft69@bing.com
227,Livvyy,Lidster,llidster6a@plala.or.jp
228,Reece,Chetwin,rchetwin6b@hubpages.com
229,Ansell,Bradbeer,abradbeer6c@cornell.edu
230,Jinny,Joe,jjoe6d@jimdo.com
231,Lynna,Pretty,lpretty6e@yahoo.com
232,Cathryn,Pocknoll,cpocknoll6f@chicagotribune.com
233,Huey,Ferrarini,hferrarini6g@wikimedia.org
234,Filippo,Roggers,froggers6h@mayoclinic.com
235,Denna,Clothier,dclothier6i@ucla.edu
236,Bev,Fragino,bfragino6j@multiply.com
237,Collete,Grief,cgrief6k@yolasite.com
238,Celestyn,Pococke,cpococke6l@kickstarter.com
239,Sinclair,Hanscombe,shanscombe6m@amazon.co.jp
240,Judith,Duplan,jduplan6n@slideshare.net
241,Yves,Hallworth,yhallworth6o@mysql.com
242,Benedetto,MacCaghan,bmaccaghan6p@va.gov
243,Beckie,Savege,bsavege6q@chron.com
244,Fredra,Whoolehan,fwhoolehan6r@geocities.com
245,Nikolos,Jeannet,njeannet6s@vkontakte.ru
246,Heidie,Windrum,hwindrum6t@umich.edu
247,Bunni,Le Jean,blejean6u@hud.gov
248,Torrie,Shemilt,tshemilt6v@yahoo.com
249,Rosalia,Northleigh,rnorthleigh6w@blogspot.com
250,Camey,Kaines,ckaines6x@cloudflare.com
251,Nicolais,Ferby,nferby6y@mozilla.org
252,Sydney,Cowlas,scowlas6z@blogspot.com
253,Dwight,Higford,dhigford70@usnews.com
254,Codee,Van der Velde,cvandervelde71@boston.com
255,Udell,Singers,usingers72@nps.gov
256,Letisha,Laverick,llaverick73@ft.com
257,Barron,Sammonds,bsammonds74@amazon.com
258,Roberta,Jewkes,rjewkes75@kickstarter.com
259,Alejandro,Shills,ashills76@mlb.com
260,Albie,Wickwar,awickwar77@google.cn
261,Rodge,Bumby,rbumby78@hhs.gov
262,Fawn,Buxsey,fbuxsey79@theguardian.com
263,Meier,Willshire,mwillshire7a@narod.ru
264,Emogene,Vaisey,evaisey7b@house.gov
265,Izak,Drynan,idrynan7c@trellian.com
266,Winna,Madill,wmadill7d@mapquest.com
267,Garvey,Ivel,givel7e@mit.edu
268,Salome,Canto,scanto7f@gnu.org
269,Cornelius,Woolatt,cwoolatt7g@wisc.edu
270,Augustin,Hollingsby,ahollingsby7h@jimdo.com
271,Gordan,Spearman,gspearman7i@simplemachines.org
272,Binnie,Shearme,bshearme7j@slate.com
273,Zenia,Trathen,ztrathen7k@goodreads.com
274,Anabal,Kristufek,akristufek7l@icq.com
275,Billy,Balser,bbalser7m@wiley.com
276,Garnet,Guillford,gguillford7n@fastcompany.com
277,Kienan,Ryves,kryves7o@yandex.ru
278,Bianka,Dufour,bdufour7p@psu.edu
279,Susann,Chidzoy,schidzoy7q@tripadvisor.com
280,Gayel,Schimann,gschimann7r@home.pl
281,Kelvin,Chambers,kchambers7s@joomla.org
282,Bordie,Dossettor,bdossettor7t@latimes.com
283,Michaella,Challens,mchallens7u@paypal.com
284,Larine,Jessop,ljessop7v@usa.gov
285,Greer,Yerborn,gyerborn7w@gov.uk
286,Emmanuel,Gillingwater,egillingwater7x@storify.com
287,Kearney,Foxworthy,kfoxworthy7y@senate.gov
288,Humfried,Delea,hdelea7z@miibeian.gov.cn
289,Carmel,Pietrusiak,cpietrusiak80@over-blog.com
290,Bonny,Purle,bpurle81@naver.com
291,Bea,Filipponi,bfilipponi82@baidu.com
292,Hildagarde,Lander,hlander83@so-net.ne.jp
293,Guillaume,Guittet,gguittet84@elpais.com
294,Rubie,Brouncker,rbrouncker85@topsy.com
295,Carson,Bohills,cbohills86@hao123.com
296,Jerri,Brear,jbrear87@tripod.com
297,Harlen,Dominico,hdominico88@friendfeed.com
298,Olivero,Hendrichs,ohendrichs89@blog.com
299,Darrelle,Severn,dsevern8a@fda.gov
300,Tadeo,Grunder,tgrunder8b@amazon.co.uk
301,Kienan,Tuite,ktuite8c@springer.com
302,Bartram,Eason,beason8d@discuz.net
303,Skye,Boyn,sboyn8e@google.ru
304,Murial,Dukelow,mdukelow8f@photobucket.com
305,Camille,Fairfoot,cfairfoot8g@bloglovin.com
306,Shawnee,Ornils,sornils8h@yandex.ru
307,Stern,Iohananof,siohananof8i@vistaprint.com
308,Sanford,Berdale,sberdale8j@arizona.edu
309,Mercedes,Cardus,mcardus8k@angelfire.com
310,Niki,McCrea,nmccrea8l@cpanel.net
311,Renado,Niessen,rniessen8m@google.co.uk
312,Elton,Castella,ecastella8n@printfriendly.com
313,Kendall,Klain,kklain8o@360.cn
314,Dominica,O'Docherty,dodocherty8p@reverbnation.com
315,Blair,Gallally,bgallally8q@webmd.com
316,Rodd,Dreigher,rdreigher8r@uiuc.edu
317,Ofilia,Leglise,oleglise8s@intel.com
318,Odetta,Curryer,ocurryer8t@discovery.com
319,Antonio,Cullon,acullon8u@hc360.com
320,Bryn,Jewise,bjewise8v@yellowpages.com
321,Tracey,Kisbee,tkisbee8w@comsenz.com
322,Chantal,Redgewell,credgewell8x@photobucket.com
323,Ignaz,Howgill,ihowgill8y@1688.com
324,Antin,Froom,afroom8z@digg.com
325,Heda,Coleshill,hcoleshill90@ibm.com
326,Eldon,Camps,ecamps91@last.fm
327,Hermie,Trowell,htrowell92@toplist.cz
328,Scotti,Balfour,sbalfour93@51.la
329,Gideon,Chandlar,gchandlar94@mashable.com
330,Wilt,Woliter,wwoliter95@blogtalkradio.com
331,Dunstan,Videan,dvidean96@ox.ac.uk
332,Gianna,Elington,gelington97@cmu.edu
333,Lurlene,Pavlenko,lpavlenko98@wordpress.com
334,Sonny,Colthard,scolthard99@indiatimes.com
335,Tabbie,Vallintine,tvallintine9a@netvibes.com
336,Mirabel,Payze,mpayze9b@earthlink.net
337,Roxy,Grestye,rgrestye9c@mapquest.com
338,Pammi,Joyner,pjoyner9d@cornell.edu
339,Dominick,Creany,dcreany9e@hhs.gov
340,Sloan,McCaughan,smccaughan9f@clickbank.net
341,Braden,Szachniewicz,bszachniewicz9g@symantec.com
342,Alfi,Carley,acarley9h@wired.com
343,Tyrone,Southard,tsouthard9i@godaddy.com
344,Bobbee,Barthot,bbarthot9j@theatlantic.com
345,Emalia,Birtle,ebirtle9k@trellian.com
346,Jory,Meece,jmeece9l@mozilla.org
347,Brock,Woodfine,bwoodfine9m@kickstarter.com
348,Wittie,Cutress,wcutress9n@about.me
349,Gabbey,Aughtie,gaughtie9o@upenn.edu
350,Elisabetta,Colleford,ecolleford9p@over-blog.com
351,Bastien,Lung,blung9q@google.ru
352,Lettie,Galway,lgalway9r@devhub.com
353,Lucy,Titterrell,ltitterrell9s@reference.com
354,Ase,Geipel,ageipel9t@sciencedaily.com
355,Philis,Trehearn,ptrehearn9u@time.com
356,Mersey,Kelland,mkelland9v@answers.com
357,Dominga,McKeachie,dmckeachie9w@state.tx.us
358,Joelle,Verring,jverring9x@meetup.com
359,Perl,Shilladay,pshilladay9y@technorati.com
360,Lorne,Dominguez,ldominguez9z@auda.org.au
361,Gracia,Osgodby,gosgodbya0@cmu.edu
362,Ortensia,Jankovsky,ojankovskya1@adobe.com
363,Shelley,Shimmings,sshimmingsa2@pcworld.com
364,Harmony,Carruth,hcarrutha3@oakley.com
365,Niel,Worgan,nworgana4@quantcast.com
366,Rod,Alderson,raldersona5@twitpic.com
367,Filbert,Ivashnikov,fivashnikova6@pbs.org
368,Benedikta,Boxill,bboxilla7@gov.uk
369,Liza,Thorn,lthorna8@eepurl.com
370,Oren,Caven,ocavena9@people.com.cn
371,Shea,Jerke,sjerkeaa@1688.com
372,Spencer,Vacher,svacherab@cnn.com
373,Nevsa,Lau,nlauac@jimdo.com
374,Ashien,Shiril,ashirilad@vistaprint.com
375,Rodrick,Janko,rjankoae@sakura.ne.jp
376,Casey,Elstone,celstoneaf@wikispaces.com
377,Bradly,Gerardet,bgerardetag@smugmug.com
378,Tamera,Maryman,tmarymanah@miibeian.gov.cn
379,Marshal,Mattea,mmatteaai@chronoengine.com
380,Josephine,Semkins,jsemkinsaj@bloglines.com
381,Trenton,Tremethack,ttremethackak@independent.co.uk
382,Steffi,Swane,sswaneal@tumblr.com
383,Maggee,Ivkovic,mivkovicam@wp.com
384,Mercy,Martinson,mmartinsonan@diigo.com
385,Deana,Kensington,dkensingtonao@mapquest.com
386,Town,Emtage,temtageap@linkedin.com
387,Vilma,Jeans,vjeansaq@woothemes.com
388,Pete,Colton,pcoltonar@jigsy.com
389,Gun,Bacchus,gbacchusas@loc.gov
390,Eve,Durno,edurnoat@google.com.au
391,Nadean,Joscelyn,njoscelynau@netscape.com
392,Teodora,Tippetts,ttippettsav@booking.com
393,Kelsey,Burgane,kburganeaw@naver.com
394,Di,Aberchirder,daberchirderax@oakley.com
395,Ario,Langstone,alangstoneay@chicagotribune.com
396,Hobey,Waiting,hwaitingaz@plala.or.jp
397,Christie,Parlatt,cparlattb0@scientificamerican.com
398,Rice,Skypp,rskyppb1@example.com
399,Bogey,Croyden,bcroydenb2@earthlink.net
400,Thane,Dafydd,tdafyddb3@facebook.com
401,Bradan,Shufflebotham,bshufflebothamb4@cyberchimps.com
402,Noah,Rainer,nrainerb5@tumblr.com
403,Reynold,Baudone,rbaudoneb6@ca.gov
404,Constantino,Starkie,cstarkieb7@theguardian.com
405,Veronika,Furminger,vfurmingerb8@csmonitor.com
406,Pauli,Brastead,pbrasteadb9@pagesperso-orange.fr
407,Lilla,Marler,lmarlerba@sciencedaily.com
408,Terza,Hambleton,thambletonbb@hugedomains.com
409,Desdemona,Lassells,dlassellsbc@feedburner.com
410,Madella,MacTerrelly,mmacterrellybd@hhs.gov
411,Noland,Grundon,ngrundonbe@purevolume.com
412,Vitoria,Gatlin,vgatlinbf@issuu.com
413,Jeremias,Wanless,jwanlessbg@bloomberg.com
414,Inigo,Desesquelle,idesesquellebh@economist.com
415,Carmine,Wofenden,cwofendenbi@nbcnews.com
416,Karlotte,Merrison,kmerrisonbj@blogtalkradio.com
417,Casey,Nellis,cnellisbk@blogs.com
418,Karena,Benditt,kbendittbl@odnoklassniki.ru
419,Der,Withinshaw,dwithinshawbm@europa.eu
420,Igor,Fosken,ifoskenbn@netvibes.com
421,Aimil,Pool,apoolbo@princeton.edu
422,Celene,Base,cbasebp@spiegel.de
423,Arthur,Stivani,astivanibq@stanford.edu
424,Trisha,Cruickshank,tcruickshankbr@topsy.com
425,Gayel,Lent,glentbs@netvibes.com
426,Reed,Causley,rcausleybt@mapquest.com
427,Randall,Paff,rpaffbu@discovery.com
428,Marris,Eastam,meastambv@soundcloud.com
429,Gertrudis,Alyoshin,galyoshinbw@usatoday.com
430,Benedicto,Seyffert,bseyffertbx@creativecommons.org
431,Petronilla,Greep,pgreepby@yahoo.com
432,Elvera,Boyan,eboyanbz@mozilla.com
433,Chariot,Hartopp,chartoppc0@unblog.fr
434,Annadiane,Mendus,amendusc1@gravatar.com
435,Ricca,Goolding,rgooldingc2@blog.com
436,Jorie,Chateau,jchateauc3@scientificamerican.com
437,Fionnula,Bradnock,fbradnockc4@marriott.com
438,Yehudi,Labell,ylabellc5@sogou.com
439,Catlee,Laxston,claxstonc6@friendfeed.com
440,Brandy,Treslove,btreslovec7@gizmodo.com
441,Alard,Leal,alealc8@amazon.de
442,Marlowe,Bissett,mbissettc9@stanford.edu
443,Gigi,Teesdale,gteesdaleca@sohu.com
444,Lena,Fishley,lfishleycb@rambler.ru
445,Bartholomeo,Skilton,bskiltoncc@npr.org
446,Kyle,Worters,kworterscd@bluehost.com
447,Mirilla,McCafferky,mmccafferkyce@so-net.ne.jp
448,Tandi,Sandom,tsandomcf@reddit.com
449,Terry,Rockell,trockellcg@google.es
450,Tierney,Pasterfield,tpasterfieldch@istockphoto.com
451,Creight,Dany,cdanyci@ihg.com
452,Clarance,Fox,cfoxcj@booking.com
453,Aeriela,McEvon,amcevonck@de.vu
454,Jinny,Lindstrom,jlindstromcl@last.fm
455,Roch,Ferrulli,rferrullicm@whitehouse.gov
456,Tisha,Giacopelo,tgiacopelocn@china.com.cn
457,Bertie,Harrington,bharringtonco@1688.com
458,Corrie,Dankov,cdankovcp@friendfeed.com
459,Jdavie,Makepeace,jmakepeacecq@posterous.com
460,Pris,Swale,pswalecr@ezinearticles.com
461,Jackie,Dearlove,jdearlovecs@cornell.edu
462,Nessi,Wallhead,nwallheadct@ucoz.ru
463,Melanie,Likely,mlikelycu@rambler.ru
464,Hilliard,Eastcourt,heastcourtcv@blogs.com
465,Hailey,Jameson,hjamesoncw@time.com
466,Barry,Muzzini,bmuzzinicx@mapquest.com
467,Daniel,Burtonwood,dburtonwoodcy@oaic.gov.au
468,Keri,Guiot,kguiotcz@trellian.com
469,Rosella,Hamer,rhamerd0@nydailynews.com
470,Lancelot,Birchenough,lbirchenoughd1@indiatimes.com
471,Vernor,Seiller,vseillerd2@wikispaces.com
472,Byrom,Dwerryhouse,bdwerryhoused3@homestead.com
473,Billie,Kisar,bkisard4@arizona.edu
474,Elianore,Tregea,etregead5@ovh.net
475,Douglas,Tresler,dtreslerd6@comcast.net
476,Sheelah,Edwicke,sedwicked7@usatoday.com
477,Catlin,Basset,cbassetd8@dedecms.com
478,Dallon,Palombi,dpalombid9@techcrunch.com
479,Boote,Brockest,bbrockestda@cafepress.com
480,Natasha,Gobat,ngobatdb@nasa.gov
481,Valencia,Gregon,vgregondc@weather.com
482,Dannie,Elliker,dellikerdd@storify.com
483,Aurlie,Bestwick,abestwickde@timesonline.co.uk
484,Anet,Grinin,agrinindf@thetimes.co.uk
485,Torey,Crosston,tcrosstondg@free.fr
486,Pooh,Lea,pleadh@stumbleupon.com
487,Connor,Shorte,cshortedi@sogou.com
488,Knox,Santos,ksantosdj@list-manage.com
489,Weider,Lamshead,wlamsheaddk@pcworld.com
490,Brnaba,Jankiewicz,bjankiewiczdl@state.gov
491,Beret,Akker,bakkerdm@exblog.jp
492,Byrle,Laycock,blaycockdn@hubpages.com
493,Claudius,Murrell,cmurrelldo@360.cn
494,Eda,Beels,ebeelsdp@histats.com
495,Cacilie,McEvilly,cmcevillydq@com.com
496,Jaquenetta,Abel,jabeldr@techcrunch.com
497,Elene,Gillatt,egillattds@cpanel.net
498,Kayla,Durnin,kdurnindt@drupal.org
499,Althea,Dive,adivedu@cmu.edu
500,Keene,Banford,kbanforddv@webs.com
501,Maxwell,Lockier,mlockierdw@paginegialle.it
502,Jaine,Smead,jsmeaddx@prnewswire.com
503,Storm,Clayal,sclayaldy@instagram.com
504,King,Rappoport,krappoportdz@ask.com
505,Foss,Moncreiffe,fmoncreiffee0@senate.gov
506,Alayne,Owtram,aowtrame1@friendfeed.com
507,Etty,Larham,elarhame2@360.cn
508,Caresa,Pasby,cpasbye3@youtube.com
509,Hi,McCook,hmccooke4@furl.net
510,Vicky,Moreby,vmorebye5@simplemachines.org
511,Casie,Welds,cweldse6@columbia.edu
512,Chery,Maplestone,cmaplestonee7@eepurl.com
513,Em,Doust,edouste8@free.fr
514,Christin,Grimwad,cgrimwade9@lulu.com
515,Kean,Huygen,khuygenea@sphinn.com
516,Tommi,Parsell,tparselleb@nifty.com
517,Sheba,Knok,sknokec@comcast.net
518,Imogen,Pottes,ipottesed@myspace.com
519,Aurlie,Earles,aearlesee@ovh.net
520,Janetta,Bengtson,jbengtsonef@hud.gov
521,Lewes,Ludlem,lludlemeg@github.io
522,Somerset,Scheu,sscheueh@pbs.org
523,Nissa,McHan,nmchanei@flavors.me
524,Christa,Bradfield,cbradfieldej@wsj.com
525,Ned,Oddboy,noddboyek@ft.com
526,Shina,Rosel,sroselel@reuters.com
527,Gwenora,Mateev,gmateevem@mapy.cz
528,Benjie,Mathevon,bmathevonen@is.gd
529,Alphonse,Mineghelli,amineghellieo@sitemeter.com
530,Marti,Fairholm,mfairholmep@uol.com.br
531,Hale,Guilleton,hguilletoneq@independent.co.uk
532,Kelli,Dalman,kdalmaner@google.com.au
533,Elayne,Diggin,ediggines@chronoengine.com
534,Kaleena,Reaman,kreamanet@economist.com
535,Jaquelin,Bastistini,jbastistinieu@bizjournals.com
536,Anetta,Salzburger,asalzburgerev@dagondesign.com
537,Toma,Chataignier,tchataignierew@theguardian.com
538,Sande,Bartalini,sbartaliniex@ft.com
539,Cahra,Bodd,cboddey@goodreads.com
540,Leeland,Pride,lprideez@nifty.com
541,Maxwell,Sutter,msutterf0@1und1.de
542,Towny,Rother,trotherf1@wix.com
543,Raphael,Woodford,rwoodfordf2@imgur.com
544,Bobbie,Trevino,btrevinof3@google.ca
545,Emelia,Peers,epeersf4@cbc.ca
546,Helge,Walesa,hwalesaf5@bing.com
547,Anatollo,Bysh,abyshf6@admin.ch
548,Adriana,Kenner,akennerf7@wsj.com
549,Aile,Mellenby,amellenbyf8@barnesandnoble.com
550,Ruthie,Perrin,rperrinf9@list-manage.com
551,Dorri,Axelbee,daxelbeefa@theglobeandmail.com
552,Kessiah,Battams,kbattamsfb@dedecms.com
553,Maurits,Sudworth,msudworthfc@wiley.com
554,Karola,Ciepluch,kciepluchfd@rediff.com
555,Thain,Flowers,tflowersfe@fastcompany.com
556,Bernarr,Rockell,brockellff@cocolog-nifty.com
557,Deina,Brashier,dbrashierfg@soup.io
558,Noelani,Lindenbaum,nlindenbaumfh@cnet.com
559,Emile,Loyley,eloyleyfi@redcross.org
560,Florenza,Ansill,fansillfj@uiuc.edu
561,Merwin,Samwyse,msamwysefk@so-net.ne.jp
562,Shane,Satchell,ssatchellfl@flickr.com
563,Johnny,Hatz,jhatzfm@macromedia.com
564,Leicester,Malenfant,lmalenfantfn@unblog.fr
565,Sherwood,Batten,sbattenfo@discovery.com
566,Tiffi,Verni,tvernifp@examiner.com
567,Domini,Clewarth,dclewarthfq@domainmarket.com
568,Johnette,Hayhow,jhayhowfr@canalblog.com
569,Jarrod,Boeter,jboeterfs@dropbox.com
570,Chauncey,Bridywater,cbridywaterft@gmpg.org
571,Daffi,Rymmer,drymmerfu@squidoo.com
572,Shirline,McCrostie,smccrostiefv@cpanel.net
573,Tracy,Buzek,tbuzekfw@homestead.com
574,Alberto,Metrick,ametrickfx@fotki.com
575,Ania,Liptrot,aliptrotfy@netscape.com
576,Garrik,Jarret,gjarretfz@microsoft.com
577,Hieronymus,Von Helmholtz,hvonhelmholtzg0@yelp.com
578,Inger,Venard,ivenardg1@nba.com
579,Shawnee,Edlestone,sedlestoneg2@csmonitor.com
580,Jodi,Glencros,jglencrosg3@behance.net
581,Gregor,Orbine,gorbineg4@wix.com
582,Mariya,Radden,mraddeng5@de.vu
583,Joanna,Riddel,jriddelg6@harvard.edu
584,Westbrooke,Sudddard,wsudddardg7@indiegogo.com
585,Yorgos,Mew,ymewg8@newyorker.com
586,Bradan,Combe,bcombeg9@ameblo.jp
587,Saunders,Hurche,shurchega@123-reg.co.uk
588,Emelita,Golsworthy,egolsworthygb@auda.org.au
589,Easter,Toomey,etoomeygc@hubpages.com
590,Jannel,Woolland,jwoollandgd@slate.com
591,Cam,MacMakin,cmacmakinge@yolasite.com
592,Brendon,Tudgay,btudgaygf@bing.com
593,Rosalynd,Gater,rgatergg@nps.gov
594,Carlita,Dumphry,cdumphrygh@foxnews.com
595,Nannette,Fazan,nfazangi@dailymotion.com
596,Fraser,Hacking,fhackinggj@histats.com
597,Horton,Iacapucci,hiacapuccigk@stumbleupon.com
598,Markos,Cowlam,mcowlamgl@furl.net
599,Gallagher,Boldry,gboldrygm@cocolog-nifty.com
600,Tuesday,Kinglake,tkinglakegn@arstechnica.com
601,Rand,Terzo,rterzogo@mashable.com
602,Kerry,Kearton,kkeartongp@twitpic.com
603,Lenka,Mace,lmacegq@bravesites.com
604,Barrie,Leyzell,bleyzellgr@wisc.edu
605,Cissy,Joffe,cjoffegs@java.com
606,Cassius,Scoyne,cscoynegt@jimdo.com
607,Rycca,Cadding,rcaddinggu@hibu.com
608,Sylvia,Furmonger,sfurmongergv@usnews.com
609,Gregorius,Doby,gdobygw@dot.gov
610,Robinet,Corbie,rcorbiegx@npr.org
611,Lauryn,McMeekan,lmcmeekangy@networkadvertising.org
612,Yancy,Berg,yberggz@vimeo.com
613,Puff,Schild,pschildh0@who.int
614,Leandra,Maplethorp,lmaplethorph1@bandcamp.com
615,Regen,Swaden,rswadenh2@spiegel.de
616,Shawn,Delmonti,sdelmontih3@nba.com
617,Powell,Dalzell,pdalzellh4@oakley.com
618,Buffy,Ferreira,bferreirah5@networkadvertising.org
619,Druci,Pattisson,dpattissonh6@parallels.com
620,Siusan,Tothe,stotheh7@businessweek.com
621,Conn,Gurnett,cgurnetth8@usnews.com
622,Elwood,Chimenti,echimentih9@wufoo.com
623,Theo,Gossage,tgossageha@sakura.ne.jp
624,Erica,Clashe,eclashehb@scientificamerican.com
625,Karel,Strettell,kstrettellhc@smugmug.com
626,Ferdie,Giriardelli,fgiriardellihd@bandcamp.com
627,Kiah,Freezor,kfreezorhe@dagondesign.com
628,Jaime,Adamski,jadamskihf@latimes.com
629,Norri,Scriver,nscriverhg@nba.com
630,Torey,Colson,tcolsonhh@theguardian.com
631,Lee,Hanselman,lhanselmanhi@example.com
632,Mayne,Cavie,mcaviehj@qq.com
633,Lotti,Kennally,lkennallyhk@feedburner.com
634,Alic,Cutts,acuttshl@bloglovin.com
635,Bentley,Musto,bmustohm@fotki.com
636,Marylynne,Rickford,mrickfordhn@un.org
637,Helaine,Enderlein,henderleinho@behance.net
638,Elana,St. Paul,estpaulhp@over-blog.com
639,Nat,Antoniewski,nantoniewskihq@drupal.org
640,Margot,Scapens,mscapenshr@usda.gov
641,Aundrea,Bedells,abedellshs@umn.edu
642,Napoleon,Lapenna,nlapennaht@howstuffworks.com
643,Kaycee,Eakins,keakinshu@t-online.de
644,Grant,Hemms,ghemmshv@state.gov
645,Adlai,Pickwell,apickwellhw@yellowbook.com
646,Ursula,Konert,ukonerthx@shareasale.com
647,Collette,Tanfield,ctanfieldhy@ezinearticles.com
648,Galina,Sivyour,gsivyourhz@rakuten.co.jp
649,Lenard,Courtois,lcourtoisi0@altervista.org
650,Urbano,McDonagh,umcdonaghi1@clickbank.net
651,Gavrielle,Shedd,gsheddi2@opensource.org
652,Lionel,Jaszczak,ljaszczaki3@reverbnation.com
653,Brittaney,Lerohan,blerohani4@discuz.net
654,Carlotta,Haylands,chaylandsi5@tiny.cc
655,Rosemonde,Grog,rgrogi6@aol.com
656,Pryce,Aitchison,paitchisoni7@ihg.com
657,Leanna,Crossley,lcrossleyi8@weebly.com
658,Ewan,Duffett,eduffetti9@tinyurl.com
659,Ellene,de Courcy,edecourcyia@wufoo.com
660,Larisa,Heardman,lheardmanib@army.mil
661,Berti,Mathon,bmathonic@drupal.org
662,Waverly,Kippins,wkippinsid@dion.ne.jp
663,Britni,Broadstock,bbroadstockie@va.gov
664,Elysha,Hanwell,ehanwellif@typepad.com
665,Irene,Gobeau,igobeauig@blogs.com
666,Abby,Hewins,ahewinsih@vistaprint.com
667,Brew,Hand,bhandii@uol.com.br
668,Judah,Wilmore,jwilmoreij@apple.com
669,Charis,Maletratt,cmaletrattik@dot.gov
670,Elwood,Watterson,ewattersonil@freewebs.com
671,Samuel,Barnwill,sbarnwillim@phoca.cz
672,Rodi,Hexam,rhexamin@go.com
673,Derwin,Jordison,djordisonio@merriam-webster.com
674,Wain,Larwell,wlarwellip@de.vu
675,Fraze,Bandiera,fbandieraiq@irs.gov
676,Che,Meedendorpe,cmeedendorpeir@vk.com
677,Odelle,Labet,olabetis@wikipedia.org
678,Linnet,Ceely,lceelyit@typepad.com
679,Tracee,MacKey,tmackeyiu@gnu.org
680,Aubrie,Jeremaes,ajeremaesiv@4shared.com
681,Nelle,Hammatt,nhammattiw@woothemes.com
682,Junette,Bovis,jbovisix@imgur.com
683,Kipp,Menichelli,kmenichelliiy@ebay.com
684,Mavis,Thurby,mthurbyiz@telegraph.co.uk
685,Pier,Lezemore,plezemorej0@cpanel.net
686,Kalila,Scates,kscatesj1@google.nl
687,Tomaso,Tibb,ttibbj2@nasa.gov
688,Lindy,O'Scollain,loscollainj3@yellowpages.com
689,Tessy,Gedney,tgedneyj4@twitpic.com
690,Maurizio,Pina,mpinaj5@nasa.gov
691,Loralie,Dibnah,ldibnahj6@paginegialle.it
692,Horacio,Vedenyapin,hvedenyapinj7@dedecms.com
693,Blanche,Staten,bstatenj8@smugmug.com
694,Cynthia,Golightly,cgolightlyj9@posterous.com
695,Rosina,Gilhooly,rgilhoolyja@gov.uk
696,Lauree,Edlyn,ledlynjb@webnode.com
697,Loraine,Sterricks,lsterricksjc@google.it
698,Marchall,Amsden,mamsdenjd@twitpic.com
699,Lambert,Sanbrook,lsanbrookje@nymag.com
700,Hewett,Eynald,heynaldjf@miitbeian.gov.cn
701,Dorisa,Wilby,dwilbyjg@deliciousdays.com
702,Bertha,Giffin,bgiffinjh@mapquest.com
703,Ediva,Meek,emeekji@illinois.edu
704,Harvey,Drohun,hdrohunjj@vkontakte.ru
705,Manny,Oxshott,moxshottjk@parallels.com
706,Cozmo,De Angelo,cdeangelojl@oaic.gov.au
707,Wadsworth,Searchfield,wsearchfieldjm@vistaprint.com
708,Daron,Pettko,dpettkojn@trellian.com
709,Zared,Casement,zcasementjo@reference.com
710,Ashton,Dowzell,adowzelljp@cdc.gov
711,Gabbi,Pridie,gpridiejq@surveymonkey.com
712,Mateo,Brunger,mbrungerjr@twitter.com
713,Jaimie,Low,jlowjs@goo.ne.jp
714,Brande,Tregent,btregentjt@timesonline.co.uk
715,Chase,Toone,ctooneju@istockphoto.com
716,Joyan,Newvell,jnewvelljv@arizona.edu
717,Rupert,Mandrey,rmandreyjw@ucsd.edu
718,Correy,Ryding,crydingjx@unblog.fr
719,Godart,Mansion,gmansionjy@canalblog.com
720,Mellie,Perico,mpericojz@fc2.com
721,Verla,Snelle,vsnellek0@wiley.com
722,Joachim,Gehring,jgehringk1@canalblog.com
723,Silvana,Yakunchikov,syakunchikovk2@facebook.com
724,Ara,Lawrenz,alawrenzk3@pen.io
725,Thurstan,Hachette,thachettek4@abc.net.au
726,Van,Abramamovh,vabramamovhk5@trellian.com
727,Eleanora,Mebs,emebsk6@princeton.edu
728,Wallie,Ferraraccio,wferraracciok7@nba.com
729,Randa,Shippard,rshippardk8@alexa.com
730,Paddie,Bayns,pbaynsk9@multiply.com
731,Ephrayim,Culpin,eculpinka@symantec.com
732,Saree,Muris,smuriskb@sakura.ne.jp
733,Fae,Humble,fhumblekc@epa.gov
734,Cindelyn,Dominici,cdominicikd@theguardian.com
735,Hedvig,Mattiazzo,hmattiazzoke@aol.com
736,Barb,Bounde,bboundekf@so-net.ne.jp
737,Sibley,O'Kinedy,sokinedykg@wp.com
738,Orrin,Beards,obeardskh@eventbrite.com
739,Mellisa,Ashness,mashnesski@macromedia.com
740,Neila,Gaskall,ngaskallkj@patch.com
741,Svend,Antham,santhamkk@artisteer.com
742,Simonne,Wyndham,swyndhamkl@freewebs.com
743,Moishe,Worden,mwordenkm@youtu.be
744,Waly,O'Dare,wodarekn@youtube.com
745,Scotty,Nevinson,snevinsonko@cloudflare.com
746,Fielding,Younglove,fyounglovekp@economist.com
747,Prudi,Sparkwill,psparkwillkq@imgur.com
748,Dar,Leefe,dleefekr@howstuffworks.com
749,Hernando,Holson,hholsonks@wikispaces.com
750,See,Leebeter,sleebeterkt@gizmodo.com
751,Mose,Cummungs,mcummungsku@feedburner.com
752,Toni,Conibere,tconiberekv@taobao.com
753,Novelia,Cunniffe,ncunniffekw@google.ru
754,Yale,Chatburn,ychatburnkx@shinystat.com
755,Trefor,Mongan,tmonganky@booking.com
756,Reggy,Greader,rgreaderkz@mlb.com
757,Fidelity,Houlworth,fhoulworthl0@japanpost.jp
758,Marvin,Pywell,mpywelll1@privacy.gov.au
759,Audre,Waulker,awaulkerl2@engadget.com
760,Maren,Lorne,mlornel3@wix.com
761,Lynnell,Zuppa,lzuppal4@naver.com
762,Kat,Brobak,kbrobakl5@odnoklassniki.ru
763,Jarib,Newey,jneweyl6@google.co.jp
764,Othilia,Moorrud,omoorrudl7@utexas.edu
765,Justin,Garretson,jgarretsonl8@imdb.com
766,Tremayne,Jurisch,tjurischl9@wp.com
767,Christen,Huckin,chuckinla@cyberchimps.com
768,Talya,Dowey,tdoweylb@w3.org
769,Ephrayim,Saggers,esaggerslc@springer.com
770,Douglas,Rowswell,drowswellld@wp.com
771,Orran,Eadmeads,oeadmeadsle@time.com
772,Teddie,Rawson,trawsonlf@amazon.co.uk
773,Marylinda,Cursey,mcurseylg@npr.org
774,Maximilien,Lattimer,mlattimerlh@live.com
775,Ravid,Hebbard,rhebbardli@privacy.gov.au
776,Cher,Hainsworth,chainsworthlj@altervista.org
777,Marty,Gonthier,mgonthierlk@buzzfeed.com
778,Miner,Delafoy,mdelafoyll@shareasale.com
779,Umberto,Diwell,udiwelllm@utexas.edu
780,Dene,Tuting,dtutingln@shinystat.com
781,Annmaria,Hartil,ahartillo@trellian.com
782,Ezequiel,Saldler,esaldlerlp@opensource.org
783,Zabrina,Janczak,zjanczaklq@irs.gov
784,Mauricio,Thomazet,mthomazetlr@princeton.edu
785,Reggie,Lacy,rlacyls@icq.com
786,Jacqui,McClymont,jmcclymontlt@reddit.com
787,Orton,Dechelette,odechelettelu@marriott.com
788,Jordain,Lewington,jlewingtonlv@jigsy.com
789,Devlin,Colam,dcolamlw@tripod.com
790,Franky,Clowney,fclowneylx@mozilla.org
791,Kahaleel,Beauvais,kbeauvaisly@squidoo.com
792,Micky,Pinare,mpinarelz@arstechnica.com
793,Edgar,Elsmor,eelsmorm0@bbb.org
794,Elga,Whimper,ewhimperm1@pagesperso-orange.fr
795,Ellerey,Guillotin,eguillotinm2@prweb.com
796,Sephira,Biasio,sbiasiom3@redcross.org
797,Betta,McDuall,bmcduallm4@usda.gov
798,Wallas,Farmery,wfarmerym5@smugmug.com
799,Caryn,Gaenor,cgaenorm6@toplist.cz
800,Enid,Asple,easplem7@geocities.com
801,Liana,Luchetti,lluchettim8@senate.gov
802,Prinz,Peasegood,ppeasegoodm9@friendfeed.com
803,Sandie,Jurewicz,sjurewiczma@dot.gov
804,Rowan,Jenkins,rjenkinsmb@smugmug.com
805,Devin,Wiersma,dwiersmamc@washingtonpost.com
806,Margret,Couling,mcoulingmd@cbsnews.com
807,Sigvard,Kobiera,skobierame@ask.com
808,Estele,Alleyne,ealleynemf@hao123.com
809,Betteanne,Bandy,bbandymg@theglobeandmail.com
810,Costa,Dwane,cdwanemh@cnn.com
811,Tatiania,Glinde,tglindemi@harvard.edu
812,Cobb,Druhan,cdruhanmj@simplemachines.org
813,Ansley,Hallihane,ahallihanemk@pen.io
814,Dickie,Lauder,dlauderml@goo.ne.jp
815,Modestine,Sygroves,msygrovesmm@moonfruit.com
816,Kendricks,Larham,klarhammn@accuweather.com
817,Beverlie,Cunnow,bcunnowmo@theglobeandmail.com
818,Dorisa,Bausmann,dbausmannmp@foxnews.com
819,Dominick,Ulrik,dulrikmq@sun.com
820,Clemmy,Horbath,chorbathmr@webs.com
821,Aurelia,Sanbrook,asanbrookms@mapy.cz
822,Enrico,Skaid,eskaidmt@addthis.com
823,Rad,Edmans,redmansmu@fema.gov
824,Freddy,Fetherston,ffetherstonmv@live.com
825,Marcy,Davidovits,mdavidovitsmw@illinois.edu
826,Stormy,Finch,sfinchmx@flavors.me
827,Fergus,Broomfield,fbroomfieldmy@google.pl
828,Mal,Battabee,mbattabeemz@icq.com
829,Zenia,Richter,zrichtern0@alibaba.com
830,Pepillo,Bovingdon,pbovingdonn1@mapy.cz
831,Regine,Easterling,reasterlingn2@washingtonpost.com
832,Mildrid,Barock,mbarockn3@mac.com
833,Pearle,Petty,ppettyn4@last.fm
834,Dav,Lusted,dlustedn5@chron.com
835,Vassily,Swateridge,vswateridgen6@psu.edu
836,Bell,Parton,bpartonn7@lulu.com
837,Shadow,Chandler,schandlern8@spiegel.de
838,Rafaello,Brine,rbrinen9@mayoclinic.com
839,Krissy,Cready,kcreadyna@latimes.com
840,Dulsea,Valde,dvaldenb@springer.com
841,Katerina,Balls,kballsnc@washingtonpost.com
842,Kordula,Piatkow,kpiatkownd@comsenz.com
843,Gay,Dimock,gdimockne@nps.gov
844,Monika,Pettigree,mpettigreenf@ebay.co.uk
845,Binni,Higgonet,bhiggonetng@cornell.edu
846,Demott,De Pietri,ddepietrinh@simplemachines.org
847,Willi,Powling,wpowlingni@angelfire.com
848,Sly,Conaboy,sconaboynj@storify.com
849,Stanly,Hearson,shearsonnk@shutterfly.com
850,Kippy,Eseler,keselernl@youtube.com
851,Emmalynn,Capp,ecappnm@sun.com
852,Torrey,Deware,tdewarenn@auda.org.au
853,Stephanus,Avramow,savramowno@4shared.com
854,Ginelle,Domeny,gdomenynp@devhub.com
855,Ynes,Santhouse,ysanthousenq@miibeian.gov.cn
856,Benyamin,Nancarrow,bnancarrownr@goo.ne.jp
857,Sherill,Beggini,sbegginins@slashdot.org
858,Elicia,Skingley,eskingleynt@va.gov
859,Fabe,Brunelli,fbrunellinu@berkeley.edu
860,Orlando,Derycot,oderycotnv@examiner.com
861,Christos,Willmer,cwillmernw@xinhuanet.com
862,Marsiella,Sreenan,msreenannx@sciencedirect.com
863,Beck,Halse,bhalseny@jalbum.net
864,Kristen,Swinglehurst,kswinglehurstnz@oaic.gov.au
865,Clifford,Binyon,cbinyono0@hexun.com
866,Isabella,Danbye,idanbyeo1@altervista.org
867,Ginni,Trickett,gtricketto2@drupal.org
868,Lorie,Eidler,leidlero3@t.co
869,Bartholomew,Linsey,blinseyo4@usda.gov
870,Charleen,Kitson,ckitsono5@deviantart.com
871,Karla,Laverock,klaverocko6@flickr.com
872,Bennie,Ungaretti,bungarettio7@theguardian.com
873,Helge,Filon,hfilono8@boston.com
874,Fidole,Lisamore,flisamoreo9@yolasite.com
875,Maureen,Yendle,myendleoa@t-online.de
876,Hadleigh,Giorgielli,hgiorgielliob@fda.gov
877,Wainwright,Baxstair,wbaxstairoc@ning.com
878,Wyndham,Jennings,wjenningsod@tmall.com
879,Berne,Lossman,blossmanoe@surveymonkey.com
880,Deedee,Bunney,dbunneyof@google.co.jp
881,Jed,Blandamere,jblandamereog@wikimedia.org
882,Fayth,Manginot,fmanginotoh@geocities.jp
883,Ursala,Duffet,uduffetoi@xing.com
884,Emelina,Fink,efinkoj@cyberchimps.com
885,Rudolph,Rubinowitsch,rrubinowitschok@feedburner.com
886,Cassi,Wimpress,cwimpressol@so-net.ne.jp
887,Debi,Babbidge,dbabbidgeom@biglobe.ne.jp
888,Orsa,Cudd,ocuddon@bigcartel.com
889,Cecile,Grenkov,cgrenkovoo@liveinternet.ru
890,Lizabeth,Phippin,lphippinop@state.gov
891,Mariette,Faichnie,mfaichnieoq@kickstarter.com
892,Lilas,Deppe,ldeppeor@storify.com
893,Max,Chomicz,mchomiczos@geocities.jp
894,Romeo,Foggo,rfoggoot@amazon.co.uk
895,Alic,Pfertner,apfertnerou@tumblr.com
896,Rhianon,Letixier,rletixierov@spotify.com
897,Elvin,Whebell,ewhebellow@devhub.com
898,Wash,Bimrose,wbimroseox@google.cn
899,Mimi,Wardington,mwardingtonoy@people.com.cn
900,Sara,Dallon,sdallonoz@reddit.com
901,Kassia,Bayley,kbayleyp0@bluehost.com
902,Yolande,Terney,yterneyp1@foxnews.com
903,Urbain,Wastell,uwastellp2@blogspot.com
904,Wilma,Benech,wbenechp3@dailymail.co.uk
905,Karissa,Kimbrey,kkimbreyp4@simplemachines.org
906,Isacco,Karle,ikarlep5@opensource.org
907,Weidar,Cakes,wcakesp6@cmu.edu
908,Moll,Dymocke,mdymockep7@ucla.edu
909,Silvanus,Rate,sratep8@t-online.de
910,Matthias,Eversfield,meversfieldp9@virginia.edu
911,Farrah,Coggings,fcoggingspa@godaddy.com
912,Shayna,Garrique,sgarriquepb@myspace.com
913,Tucky,Cleaveland,tcleavelandpc@t-online.de
914,Smith,Chaters,schaterspd@archive.org
915,Sadella,Laughton,slaughtonpe@amazonaws.com
916,Lars,Parsand,lparsandpf@qq.com
917,Selina,MacUchadair,smacuchadairpg@ucoz.ru
918,Lyda,Okenden,lokendenph@twitpic.com
919,Irvine,Keal,ikealpi@naver.com
920,Shirley,Pinare,spinarepj@biblegateway.com
921,Godard,Van den Hof,gvandenhofpk@netvibes.com
922,Becca,Jamot,bjamotpl@youtu.be
923,Romy,Linning,rlinningpm@salon.com
924,Wyndham,Foulcher,wfoulcherpn@clickbank.net
925,Nickolaus,Sexcey,nsexceypo@weibo.com
926,Paulie,Durtnel,pdurtnelpp@usda.gov
927,Haley,Forty,hfortypq@techcrunch.com
928,Bartolomeo,Gareisr,bgareisrpr@blogspot.com
929,Matelda,O'Flannery,moflanneryps@economist.com
930,Kerby,Sheards,ksheardspt@gravatar.com
931,Melicent,Kevis,mkevispu@xinhuanet.com
932,Rubi,Burroughes,rburroughespv@sohu.com
933,Ellery,Shadbolt,eshadboltpw@gizmodo.com
934,Tori,Jiroudek,tjiroudekpx@qq.com
935,Zabrina,Tyrwhitt,ztyrwhittpy@berkeley.edu
936,Joe,Allner,jallnerpz@latimes.com
937,Osbourn,Burwood,oburwoodq0@twitpic.com
938,Taite,Freezer,tfreezerq1@businesswire.com
939,Jeannette,Pretswell,jpretswellq2@topsy.com
940,Valdemar,Wales,vwalesq3@seattletimes.com
941,Amos,Twinbourne,atwinbourneq4@spotify.com
942,Trudey,Challen,tchallenq5@yolasite.com
943,Percival,Flacknell,pflacknellq6@goo.gl
944,Amalie,Bergstrand,abergstrandq7@ebay.com
945,Donnell,Meece,dmeeceq8@odnoklassniki.ru
946,Laraine,Phillip,lphillipq9@odnoklassniki.ru
947,Marjorie,Pavic,mpavicqa@mozilla.com
948,Bethany,Smithen,bsmithenqb@ucoz.ru
949,Reta,Yantsurev,ryantsurevqc@nba.com
950,Zelig,Lief,zliefqd@arstechnica.com
951,Sheryl,Hudel,shudelqe@squidoo.com
952,Frans,Pilbury,fpilburyqf@stumbleupon.com
953,Horton,Bridgestock,hbridgestockqg@cornell.edu
954,Merrie,Trippett,mtrippettqh@microsoft.com
955,Halsy,Tonkinson,htonkinsonqi@weebly.com
956,Hunt,Leversha,hlevershaqj@about.me
957,Nancey,Rafe,nrafeqk@chicagotribune.com
958,Carie,Ree,creeql@bloomberg.com
959,Bordy,Diament,bdiamentqm@trellian.com
960,Martie,Louca,mloucaqn@tamu.edu
961,Hadley,Konzelmann,hkonzelmannqo@fc2.com
962,Addy,Corness,acornessqp@ow.ly
963,Cammy,Stangoe,cstangoeqq@dmoz.org
964,Bobbie,Oldham,boldhamqr@tuttocitta.it
965,Rosamond,Serle,rserleqs@businessweek.com
966,Michail,Andell,mandellqt@jugem.jp
967,Murielle,Escritt,mescrittqu@comsenz.com
968,Kirstyn,Bavidge,kbavidgeqv@dion.ne.jp
969,Elnora,Goldsby,egoldsbyqw@delicious.com
970,Mariellen,Habbijam,mhabbijamqx@ed.gov
971,Chrissie,Yearn,cyearnqy@fastcompany.com
972,Sinclare,Dewitt,sdewittqz@walmart.com
973,Fulvia,Earley,fearleyr0@ibm.com
974,Lammond,Benech,lbenechr1@nasa.gov
975,Nathanael,Pavinese,npavineser2@comcast.net
976,Ross,Wilbud,rwilbudr3@mashable.com
977,Gillan,Rollitt,grollittr4@tinypic.com
978,Zorine,Darling,zdarlingr5@tuttocitta.it
979,Casandra,Askell,caskellr6@chronoengine.com
980,Sammie,Darbishire,sdarbishirer7@walmart.com
981,Corrie,Dusting,cdustingr8@cloudflare.com
982,Cordy,Buttrick,cbuttrickr9@ftc.gov
983,Caprice,Parkin,cparkinra@pbs.org
984,Teddy,Fudge,tfudgerb@godaddy.com
985,Annadiane,Dewar,adewarrc@theatlantic.com
986,Hercules,Cleevely,hcleevelyrd@alibaba.com
987,Tracie,Gallymore,tgallymorere@miibeian.gov.cn
988,Klement,O'Reagan,koreaganrf@barnesandnoble.com
989,Kimbell,Aizikovich,kaizikovichrg@nhs.uk
990,Emelita,Jozaitis,ejozaitisrh@bloglines.com
991,Josey,Tottie,jtottieri@webeden.co.uk
992,Vincents,Rajchert,vrajchertrj@abc.net.au
993,Fan,Overall,foverallrk@tripod.com
994,Trula,Dayborne,tdaybornerl@fema.gov
995,Mada,Margram,mmargramrm@ameblo.jp
996,Oralia,Berni,obernirn@jimdo.com
997,Estell,Udden,euddenro@wsj.com
998,Ginnie,Beatens,gbeatensrp@ted.com
999,Trudey,Plaschke,tplaschkerq@craigslist.org
1000,Janette,Yarrell,jyarrellrr@printfriendly.com
